
{   "About":
    {
        "Name": "安卓对象",
        "Author": "Clickteam",
        "Copyright": "Copyright (C) 2013 Clickteam",
        "Website": "http://www.clickteam.com",
        "Comment": "提供安卓设备运行时的特殊功能",
        "URL": "http://www.clickteam.com",
        "Help": "Android.chm",
        "Identifier": "AndR"
    },

    "ActionMenu":
    [
        ["日志",
            
            [0, "调试日志"],
            [1, "错误日志"],
            [2, "信息日志"],
            [3, "详细日志"],
            [4, "警告日志"],

            "Separator",
            
            [5, "设置日志标签 (默认 = 应用程序标题)"]
        ],
        
        "Separator",
        
        ["阻止休眠",   
            [6, "开始"],
            [7, "停止"]
        ],
        
        [10, "打开网址"],

        ["信使 (发送)",

            [15, "增加分类"],
            [36, "设置类型"],

            ["添加额外数据",
                [16, "字符串"],
                [17, "布尔值"],
                [18, "长整数"],
                [40, "URI网址"]				
            ],

            "Separator",

            [11, "启动信使"],
            [21, "启动选择的信使"]
        ],

        ["信使 (接收)",

            [19, "注册动作"],
            [20, "获取消注册动作"]
        ],

        "Separator",

        ["键盘",

	        [13, "显示键盘"],
        	[14, "隐藏键盘"]
        ],

        "Separator",

        [12, "振动"],

        "Separator",

        ["菜单 ...",
	        [22, "启用选项菜单项目"],
        	[23, "禁用选项菜单项目"],
	        [29, "通过动作打开菜单"]
        ],
		
        "Separator",

        ["动作/标题栏",
	        [24, "显示 动作/标题栏"],
        	[25, "隐藏 动作/标题栏"]
        ],

        "Separator",

        ["导航栏",
	        [33, "显示导航栏"],
        	[34, "变暗导航栏"],
	        [35, "隐藏导航栏"]
        ],

        "Separator",

        ["硬件按键",
	        [30, "禁用硬件按键"],
        	[31, "启用硬件按键"]
        ],

        "Separator",

        [32, "发送应用程序到最后面"],		
		
        "Separator",

        ["布局方向",
	        [26, "横向固定"],
        	[27, "纵向固定"]
        ],

        "Separator",

        [28, "保存截屏"],		
		
        "Separator",

        ["自动结束",
			[37, "禁用自动结束"],
			[38, "启用自动结束"]
        ],
		
        "Separator",

        [39, "置字符集"],
		
        "Separator"
    ],

    "ConditionMenu":
    [
       [0, "设备拥有GPU ？"],
       
       "Separator",
       
       [1, "用户漫游中？"],
       [3, "网络已连接？"],
       [14, "蓝牙已启用？"],

       "Separator",

       [13, "设备是超级权限"],

       ["设备连接着",
           [4, "任意的电源"],

           "Separator",

           [5, "AC电源适配器"],
           [6, "USB端口"]
       ],

       [7, "电池充电中"],
       [8, "电池放电中"],
       [9, "电池已充满"],

       "Separator",

       [18, "接收信使时"],
       [19, "接收任意信使时"],

       "Separator",

       [10, "按下返回按钮时"],
       [12, "按下菜单按钮时"],

       "Separator",

       [15, "返回按钮被按下？"],
       [16, "菜单按钮被按下？"],

       "Separator",

       [17, "读取按钮状态"],

       "Separator",

       [20, "选择菜单的项目被选择时"],
       [21, "任意选择菜单的项目被选择时"],
	   
       "Separator",

       [22, "键盘显示时"],
       [23, "键盘隐藏时"],
       [24, "键盘可见？"]
	   
    ],

    "ExpressionMenu":
    [
       [0, "GPU 名称"],
       [1, "GPU 制造商"],
       
       "Separator",

       [2, "电话: 唯一的 ID"],
       [3, "电话: 网络运营商"],
       [11, "所有设备: 唯一的 ID"],

       "Separator",

       [6, "电池电量百分比"],

       "Separator",

       [7, "屏幕宽度"],
       [8, "屏幕高度"],
       [17, "渲染器类型"],
       [16, "广告高度"],

       "Separator",

       [9, "数据存储目录"],
       [10, "临时目录"],
       [13, "外部存储目录"],
       [28, "公共存储目录"],

       "Separator",
       
       ["运行时",
            [15, "运行时版本"],

            "Separator",

            [5, "应用程序标题"],
            [12, "应用程序包名"],
            [14, "应用程序版本"]
       ],

       ["信使 (接收)",
            [18, "动作"],
            [19, "数据"],
            "Separator",
            ["额外数据 (键)",
                [20, "字符串"],
                [21, "布尔值"],
                [22, "长整数"]
            ]
       ],

       "Separator",

       [23, "选择选项菜单项目"],
	   
       "Separator",

       ["设备信息",
            [24, "安卓API编号"],

            "Separator",

            [25, "制造商"],
            [26, "型号"],
            [27, "产品"],
	    [29, "序列号"],
	    [30, "用户谷歌帐户"]
       ]
    ],

    "Actions":
    [
        { "Title": "调试日志: %0",
          "Parameters": [["Text", "日志文本"]] },
        { "Title": "错误日志: %0",
          "Parameters": [["Text", "日志文本"]] },
        { "Title": "信息日志: %0",
          "Parameters": [["Text", "日志文本"]] },
        { "Title": "详细日志: %0",
          "Parameters": [["Text", "日志文本"]] },
        { "Title": "警告日志: %0",
          "Parameters": [["Text", "日志文本"]] },
          
        { "Title": "设置日志标签为 %0",
          "Parameters": [["Text", "日志标签 (默认 = 应用程序标题)"]] },
          
        { "Title": "阻止休眠 开始" },
        { "Title": "阻止休眠 停止" },
        
        { "Title": "隐藏状态啦" },
        { "Title": "显示状态栏" },
        
        { "Title": "打开网址 %0",
          "Parameters": [["Text", "打开网址"]] },
          
        { "Title": "启动信使 (发送): 启动信使 %0 为 URI %1",
          "Parameters": [["Text", "启动信使 (例: \"android.intent.action.DIAL\")"],
                        ["Text", "URI (例: \"tel:123\")"]] },

        {"Title": "振动 %0 毫秒",
            "Parameters": [["Integer", "时长 (毫秒)"]]
        },

        { "Title": "显示键盘" },
        { "Title": "隐藏键盘" },

        { "Title": "信使 (发送): 添加分类 %0",
          "Parameters": [["Text", "分类名称"]]
        },

        { "Title": "信使 (发送): 添加字符串 %0 = %1",
          "Parameters": [["Text", "名称"], ["Text", "值"]]
        },

        { "Title": "信使 (发送): 添加布尔值 %0 = %1",
          "Parameters": [["Text", "名称"], ["Integer", "值 (1 = 真, 0 = 假)"]]
        },

        { "Title": "信使 (发送): 添加长整数 %0 = %1",
          "Parameters": [["Text", "名称"], ["Integer", "值"]]
        },

        { "Title": "信使 (接收): 注册动作 %0",
          "Parameters": [["Text", "动作"]]
        },

        { "Title": "信使 (接收): 获取消注册动作 %0",
          "Parameters": [["Text", "动作"]]
        },

        { "Title": "启动信使 (发送): 信使 %0 为 URI %1 (chooser, title: %2)",
          "Parameters": [["Text", "启动信使 (例:  \"android.intent.action.DIAL\")"],
                        ["Text", "URI (例: \"tel:123\")"],
                        ["Text", "选择器标题"]] },

        { "Title": "启用选项菜单项目 %0 ",
          "Parameters": [["Text", "项目 ID"]]
        },

        { "Title": "禁用选项菜单项目 %0",
          "Parameters": [["Text", "项目 ID"]]
        },

        { "Title": "显示动作标题栏" },
        { "Title": "隐藏动作标题栏" },
		
        { "Title": "横向固定" },
        { "Title": "纵向固定" },
		
        { "Title": "保存截图 %0",
          "Parameters": [["Text", "截图的文件名"]] },
		  
        { "Title": "通过动作打开菜单" },
		
        { "Title": "禁用硬件按键" },
        { "Title": "启用硬件按键" },

        { "Title": "应用程序移动到最后面" },
		
        { "Title": "显示导航栏" },
        { "Title": "变暗导航栏" },
        { "Title": "隐藏导航栏" },
        { "Title": "置信使的类型 %0",
          "Parameters": [["Text", "信使的类型"]]},		
        { "Title": "禁用自动结束" },
        { "Title": "启用自动结束" },
        { "Title": "置字符集 %0",
          "Parameters": [["Integer", "字符集 (0:Unicode-默认, 1:ANSI)"]]},
        { "Title": "添加信使 (发送): URI %0 = %1",
          "Parameters": [["Text", "名称"], ["Text", "值"]]
        }

    ],

    "Conditions":
    [
        {   "Title": "%o : 设备拥有GPU ？",
            "Triggered": false
        },
        {   "Title": "%o : 用户漫游中？",
            "Triggered": false
        },
        {   "Title": "%o : 引发异常时",
            "Triggered": true
        },
        {   "Title": "%o : 网络已连接？",
            "Triggered": false
        },
        {   "Title": "%o : 任意电源连接？",
            "Triggered": false
        },
        {   "Title": "%o : AC电源连接？",
            "Triggered": false
        },
        {   "Title": "%o : USB端口连接？",
            "Triggered": false
        },
        {   "Title": "%o : 电池充电中",
            "Triggered": false
        },
        {   "Title": "%o : 电池放电中",
            "Triggered": false
        },
        {   "Title": "%o : 电池被充满",
            "Triggered": false
        },
        {   "Title": "%o : 返回按钮按下时",
            "Triggered": true
        },
        {   "Title": "%o : 主机按钮按下时",
            "Triggered": true
        },
        {   "Title": "%o : 菜单按钮按下时",
            "Triggered": true
        },
        {   "Title": "%o : 设备是超级权限？",
            "Triggered": false
        },
        {   "Title": "%o : 蓝牙启用？",
            "Triggered": false
        },
        {   "Title": "%o : 返回按钮被按下",
            "Triggered": false
        },
        {   "Title": "%o : 菜单按钮被按下",
            "Triggered": false
        },
        {   "Title": "%o : 按钮 %0 被按下",
            "Triggered": false,
            "Parameters": [["Integer", "键码"]]
        },
        {   "Title": "%o : 信使接收动作%0",
            "Triggered": true,
            "Parameters": [["Text", "动作"]]
        },
        {   "Title": "%o : 接收任意信使",
            "Triggered": true
        },
        {   "Title": "%o : 选项菜单项目%0 选择时",
            "Triggered": true,
            "Parameters": [["Text", "项目 ID"]]
        },
        {   "Title": "%o : 任意选项菜单项目选择时",
            "Triggered": true
        },
        {   "Title": "%o : 键盘显示时",
            "Triggered": true
        },
        {   "Title": "%o : 键盘隐藏时",
            "Triggered": true
        },
        {   "Title": "%o : 键盘可见？"
        }
    ],

    "Expressions":
    [
        {   "Title": "GPU_Name$(",
            "Returns": "Text"
        },
        {   "Title": "GPU_Vendor$(",
            "Returns": "Text"
        },
        {   "Title": "PhoneID$(",
            "Returns": "Text"
        },
        {   "Title": "Operator$(",
            "Returns": "Text"
        },
        {   "Title": "StackTrace$(",
            "Returns": "Text"
        },
        {   "Title": "AppTitle$(",
            "Returns": "Text"
        },
        {   "Title": "BatteryPercentage(",
            "Returns": "Integer"
        },
        {   "Title": "ScreenWidth(",
            "Returns": "Integer"
        },
        {   "Title": "ScreenHeight(",
            "Returns": "Integer"
        },
        {   "Title": "DataStorageDirectory$(",
            "Returns": "Text"
        },
        {   "Title": "TempPath$(",
            "Returns": "Text"
        },
        {   "Title": "DeviceID$(",
            "Returns": "Text"
        },
        {   "Title": "PackageName$(",
            "Returns": "Text"
        },
        {   "Title": "ExternalStorageDirectory$(",
            "Returns": "Text"
        },
        {   "Title": "AppVersion$(",
            "Returns": "Text"
        },
        {   "Title": "RuntimeVersion$(",
            "Returns": "Text"
        },
        {   "Title": "AdHeight(",
            "Returns": "Integer"
        },
        {   "Title": "Renderer$(",
            "Returns": "Text"
        },
        {   "Title": "IntentAction$(",
            "Returns": "Text"
        },
        {   "Title": "IntentData$(",
            "Returns": "Text"
        },
        {   "Title": "IntentExtra_String$(",
            "Returns": "Text",
            "Parameters": [["Text", "名称"]]
        },
        {   "Title": "IntentExtra_Boolean(",
            "Returns": "Integer",
            "Parameters": [["Text", "名称"]]
        },
        {   "Title": "IntentExtra_Long(",
            "Returns": "Integer",
            "Parameters": [["Text", "名称"]]
        },
        {   "Title": "MenuItem$(",
            "Returns": "Text"
        },
        {   "Title": "DeviceApiVersion(",
            "Returns": "Integer"
        },
        {   "Title": "Manufacturer$(",
            "Returns": "Text"
        },
        {   "Title": "Model$(",
            "Returns": "Text"
        },
        {   "Title": "Product$(",
            "Returns": "Text"
        },
        {   "Title": "PublicStorageDirectory(",
            "Returns": "Text",
            "Parameters": [["Text", "类型名 (图片、电影、文件、 DCIM、下载、音乐、其他.)"]]
        },
        {   "Title": "DeviceSerialNumber$(",
            "Returns": "Text"
        },
        {   "Title": "UserGoogleAccount$(",
            "Returns": "Text"
        }
    ]
}
