{   "About":
    {
        "Name": "安卓旧ini对象",
        "Author": "Clickteam",
        "Copyright": "Copyright (C) 2014 Clickteam",
        "Website": "http://www.clickteam.com",
        "Comment": "它是Android导出器的一部分。 它相当于旧的INI对象。 当您需要保持与旧应用程序的兼容性时，请使用它。 ",
        "URL": "http://www.clickteam.com",
        "Help": "",
        "Identifier": "AOin",
    },

    "ActionMenu":
    [
        [6, "更改当前文件"],
        [0, "更改当前文件"],
        [1, "更改当前项目"],
		
        "Separator",
           
        [2, "更改值"],
        [7, "更改值（项目）"],
        [8, "更改值（组 - 项目）"],
 
        "Separator",
		
        [5, "更改字符串"],
        [9, "更改字符串（项目）"],
        [10, "更改字符串（组 - 项目）"],
  
        "Separator",

		[13, "删除组"],
		[11, "删除项目"],
		[12, "删除项目（组）"],
		
        "Separator",
		
        [3, "保存对象的位置"],
	[4, "载入对象位置"],

        "Separator"
		
	],

    "ConditionMenu":
    [

    ],

    "ExpressionMenu":
    [
        [0, "获取值"],
        [2, "获取值（项目）"],
        [3, "获取值（组 - 项目）"],
 
        "Separator",
        [1, "获取字符串"],
        [4, "获取字符串（项目）"],
        [5, "获取字符串（组 - 项目）"],
  
        "Separator",

    ],

    "Actions":
    [
        { "Title": "01将当前组更改为 %s",
          "Parameters": [["Text", "输入组名"]] },
		  
        { "Title": "01将当前项目更改为 %s",
          "Parameters": [["Text", "输入项目名称"]] },
		  
        { "Title": "01将项目值更改为 %s",
          "Parameters": [["Integer", "输入值"]] },
		  
        { "Title": "01%s 的保存位置",
          "Parameters": [["Object", "对象"]] },
		  
        { "Title": "01%s 的载入位置",
          "Parameters": [["Object", "对象"]] },
          
        { "Title": "01将项目字符串更改为%s",
          "Parameters": [["Text", "输入字符串"]] },
          
        { "Title": "01将当前文件更改为%s",
          "Parameters": [["Text", "使用Ini文件"]] },
          
        { "Title": "设置项目%0为值%1",
          "Parameters": [["Text", "输入项目名称"],
                        ["Integer", "输入值"]] },

        { "Title": "设置组%0的项目%1为值%2",
          "Parameters": [["Text", "输入组名"],
                         ["Text", "输入项目名称"],
			 ["Integer", "输入值"]] },

        { "Title": "设置项目%0为字符串%1",
          "Parameters": [["Text", "输入项目名称"],
                        ["Text", "输入字符串"]] },

        { "Title": "设置组%0的项目%1为字符串%2",
          "Parameters": [["Text", "输入组名"],
                         ["Text", "输入项目名称"],
			 ["Text", "输入字符串"]] },

 
        { "Title": "删除项目%0",
          "Parameters": [["Text", "输入项目名称"]]
        },

        { "Title": "删除组%0的项目%1",
          "Parameters": [["Text", "输入组名"],
			 ["Text", "输入项目名称"]]
        },

        { "Title": "删除组 %0",
          "Parameters": [["Text", "输入组名"]]
        }
   ],

    "Conditions":
    [

	],

    "Expressions":
    [
        {   "Title": "value of(",
            "Returns": "Integer"
        },
		{   "Title": "string of$(",
            "Returns": "Text"
        },
        {   "Title": "ItemValue(",
            "Returns": "Integer",
		"Parameters": [["Text", "项目名"]]
	},
        {   "Title": "GroupItemValue(",
            "Returns": "Integer",
		"Parameters": [["Text", "组名"],
     		               ["Text", "项目名"]]
	},
        {   "Title": "ItemString$(",
            "Returns": "Text",
		"Parameters": [["Text", "项目名"]]
        },
        {   "Title": "GroupItemString$(",
            "Returns": "Text",
		"Parameters": [["Text", "组名"],
                           ["Text", "项目名"]]
        }
	]
}


