﻿
{   "About":
    {
        "Name": "OUYA对象",
        "Author": "Clickteam",
        "Copyright": "Copyright (C) 2013 Clickteam",
        "Website": "http://www.clickteam.com",
        "Comment": "提供控制OUYA",
        "URL": "http://www.clickteam.com",
        "Help": "OUYA.chm",
        "Identifier": "OUYA"
    },

    "ActionMenu":
    [
        ["IAP",
            [0, "IAP初始化"],
            [1, "设置当前产品"],
            [2, "购买当前产品"]
        ],
       "Separator",
        [3, "定义触摸板为主面板"]
    ],

    "ConditionMenu":
    [
       [30, "是OUYA设备？"],
       "Separator",
       ["按下按钮时",
           [15, "O"],
           [16, "U"],
           [17, "Y"],
           [18, "A"],
           [19, "L1"],
           [20, "L2"],
           [21, "R1"],
           [22, "R2"],
           [23, "菜单"],
           [24, "D-Pad 上"],
           [25, "D-Pad 下"],
           [26, "D-Pad 左"],
           [27, "D-Pad 右"],
           [28, "R3"],
           [29, "L3"]
       ],
       ["放开按钮时",
           [31, "O"],
           [32, "U"],
           [33, "Y"],
           [34, "A"],
           [35, "L1"],
           [36, "L2"],
           [37, "R1"],
           [38, "R2"],
           [39, "放开"],
           [40, "D-Pad 上"],
           [41, "D-Pad 下"],
           [42, "D-Pad 左"],
           [43, "D-Pad 右"],
           [44, "R3"],
           [45, "L3"]
       ],
       ["玩家按下按钮？",
           [0, "O"],
           [1, "U"],
           [2, "Y"],
           [3, "A"],
           [4, "L1"],
           [5, "L2"],
           [6, "R1"],
           [7, "R2"],
           [8, "菜单"],
           [9, "D-Pad 上"],
           [10, "D-Pad 下"],
           [11, "D-Pad 左"],
           [12, "D-Pad 右"],
           [13, "R3"],
           [14, "L3"]
       ],
       "Separator",
       ["IAP",
            [48, "IAP初始化时"],
            [49, "IAP初始化失败时"],
            "Separator",
            [46, "产品选择时"],
            [53, "产品选择失败时"],
            "Separator",
            [51, "购买成功时"],
            [52, "购买失败时"],
            "Separator",
            [50, "玩家拥有某产品"]
       ],
       "Separator",
		[54, "系统按钮双击时"]
    ],

    "ExpressionMenu":
    [
        [0, "获取当前玩家编号"],
        "Separator",
        ["获取轴心值 (当前玩家)",
            [1, "左摇杆 X"],
            [2, "左摇杆 Y"],
            "Separator",
            [3, "右摇杆 X"],
            [4, "右摇杆 Y"],
            "Separator",
            [12, "L2 摇杆"],
            [13, "R2 摇杆"]
        ],
        ["获取轴心值 (玩家编号)",
            [5, "左摇杆 X"],
            [6, "左摇杆 Y"],
            "Separator",
            [7, "右摇杆 X"],
            [8, "右摇杆 Y"],
            "Separator",
            [14, "L2 摇杆"],
            [15, "R2 摇杆"]
        ],
        "Separator",
        ["IAP",
            [9, "当前产品"],
            [10, "当前产品价格 (美分)"],
            [19, "当前产品购买货币"],
            [20, "当前产品购买价格"],
            [11, "游戏 UUID"]
        ],
        "Separator",
        ["额外",
            [16, "用户名称"],
            [17, "控制器名称"],
            [18, "支持设备"]
        ]
    ],

    "Actions":
    [
        { "Title": "IAP初始化 开发商ID %0 ，密钥文件 %1",
          "Parameters": [
                ["Text", "开发商 ID"], 
                ["File", "密钥文件"]
          ]
        },
        { "Title": "选择产品 %0",
          "Parameters": [
                ["Text", "产品 ID"] 
          ]
		},
        { "Title": "购买当前产品"},

        {"Title": "置触摸板的控制器 %0 为默认",
            "Parameters": [["Integer", "控制器编号 (0 - 3)"]]
        }		
    ],

    "Conditions":
    [
        {   "Title": "%o : 玩家%0 按下按钮 O",
            "Triggered": false,
            "Parameters": [
                ["Integer", "玩家编号"]
            ]
        },
        {   "Title": "%o : 玩家%0 按下按钮 U",
            "Triggered": false,
            "Parameters": [
                ["Integer", "玩家编号"]
            ]
        },
        {   "Title": "%o : 玩家%0 按下按钮 Y",
            "Triggered": false,
            "Parameters": [
                ["Integer", "玩家编号"]
            ]
        },
        {   "Title": "%o : 玩家%0 按下按钮 A",
            "Triggered": false,
            "Parameters": [
                ["Integer", "玩家编号"]
            ]
        },
        {   "Title": "%o : 玩家%0 按下按钮 L1",
            "Triggered": false,
            "Parameters": [
                ["Integer", "玩家编号"]
            ]
        },
        {   "Title": "%o : 玩家%0 按下按钮 L2",
            "Triggered": false,
            "Parameters": [
                ["Integer", "玩家编号"]
            ]
        },
        {   "Title": "%o : 玩家%0 按下按钮 R1",
            "Triggered": false,
            "Parameters": [
                ["Integer", "玩家编号"]
            ]
        },
        {   "Title": "%o : 玩家%0 按下按钮 R2",
            "Triggered": false,
            "Parameters": [
                ["Integer", "玩家编号"]
            ]
        },
        {   "Title": "%o : 玩家%0 按下菜单",
            "Triggered": false,
            "Parameters": [
                ["Integer", "玩家编号"]
            ]
        },
        {   "Title": "%o : 玩家%0 按下D-Pad 上",
            "Triggered": false,
            "Parameters": [
                ["Integer", "玩家编号"]
            ]
        },
        {   "Title": "%o : 玩家%0 按下D-Pad 下",
            "Triggered": false,
            "Parameters": [
                ["Integer", "玩家编号"]
            ]
        },
        {   "Title": "%o : 玩家%0 按下D-Pad 左",
            "Triggered": false,
            "Parameters": [
                ["Integer", "玩家编号"]
            ]
        },
        {   "Title": "%o : 玩家%0 按下D-Pad 右",
            "Triggered": false,
            "Parameters": [
                ["Integer", "玩家编号"]
            ]
        },
        {   "Title": "%o : 玩家%0 按下按钮R3",
            "Triggered": false,
            "Parameters": [
                ["Integer", "玩家编号"]
            ]
        },
        {   "Title": "%o : 玩家%0 按下按钮L3",
            "Triggered": false,
            "Parameters": [
                ["Integer", "玩家编号"]
            ]
        },

        {   "Title": "%o : 按钮 O 按下时",
            "Triggered": true
        },
        {   "Title": "%o : 按钮 U 按下时",
            "Triggered": true
        },
        {   "Title": "%o : 按钮 Y 按下时",
            "Triggered": true
        },
        {   "Title": "%o : 按钮 A 按下时",
            "Triggered": true
        },
        {   "Title": "%o : 按钮 L1 按下时",
            "Triggered": true
        },
        {   "Title": "%o : 按钮 L2 按下时",
            "Triggered": true
        },
        {   "Title": "%o : 按钮 R1 按下时",
            "Triggered": true
        },
        {   "Title": "%o : 按钮 R2 按下时",
            "Triggered": true
        },
        {   "Title": "%o : 菜单 按下时",
            "Triggered": true
        },
        {   "Title": "%o : D-Pad 上 按下时",
            "Triggered": true
        },
        {   "Title": "%o : D-Pad 下 按下时",
            "Triggered": true
        },
        {   "Title": "%o : D-Pad 左 按下时",
            "Triggered": true
        },
        {   "Title": "%o : D-Pad 右 按下时",
            "Triggered": true
        },
        {   "Title": "%o : 按钮 R3 按下时",
            "Triggered": true
        },
        {   "Title": "%o : 按钮 L3 按下时",
            "Triggered": true
        },

        {   "Title": "%o : 是OUYA设备？",
            "Triggered": false
        },

        {   "Title": "%o : 放开按钮 O 时",
            "Triggered": true
        },
        {   "Title": "%o : 放开按钮 U 时",
            "Triggered": true
        },
        {   "Title": "%o : 放开按钮 Y 时",
            "Triggered": true
        },
        {   "Title": "%o : 放开按钮 A 时",
            "Triggered": true
        },
        {   "Title": "%o : 放开按钮 L1 时",
            "Triggered": true
        },
        {   "Title": "%o : 放开按钮 L2 时",
            "Triggered": true
        },
        {   "Title": "%o : 放开按钮 R1 时",
            "Triggered": true
        },
        {   "Title": "%o : 放开按钮 R2 时",
            "Triggered": true
        },
        {   "Title": "%o : 放开 菜单按钮 时",
            "Triggered": true
        },
        {   "Title": "%o : 放开D-Pad 上 时",
            "Triggered": true
        },
        {   "Title": "%o : 放开D-Pad 下 时",
            "Triggered": true
        },
        {   "Title": "%o : 放开D-Pad 左 时",
            "Triggered": true
        },
        {   "Title": "%o : 放开D-Pad 右 时",
            "Triggered": true
        },
        {   "Title": "%o : 放开按钮 R3 时",
            "Triggered": true
        },
        {   "Title": "%o : 放开按钮 L3 时",
            "Triggered": true
        },
        {   "Title": "%o : 产品选择时",
            "Triggered": true
        },
        {   "Title": "%o : UUID 接收时",
            "Triggered": true
        },
        {   "Title": "%o : IAP初始化时",
            "Triggered": true
        },
        {   "Title": "%o : IAP初始化失败时",
            "Triggered": true
        },
        {   "Title": "%o : 玩家拥有产品 %0",
            "Parameters": [["Text", "产品 ID"]],
            "Triggered": false
        },
        {   "Title": "%o : 购买成功时",
            "Triggered": true
        },
        {   "Title": "%o : 购买失败时",
            "Triggered": true
        },
        {   "Title": "%o : 产品选择失败时",
            "Triggered": true
        },
        {   "Title": "%o : 系统按钮双击时",
            "Triggered": true
        }
		
    ],

    "Expressions":
    [
        {   "Title": "CurrentPlayer(",
            "Returns": "Integer"
        },
        {   "Title": "LeftStickX(",
            "Returns": "Float"
        },
        {   "Title": "LeftStickY(",
            "Returns": "Float"
        },
        {   "Title": "RightStickX(",
            "Returns": "Float"
        },
        {   "Title": "RightStickY(",
            "Returns": "Float"
        },
        {   "Title": "LeftStickXForPlayer(",
            "Returns": "Float",
            "Parameters": ["Integer", "玩家"]
        },
        {   "Title": "LeftStickYForPlayer(",
            "Returns": "Float",
            "Parameters": ["Integer", "玩家"]
        },
        {   "Title": "RightStickXForPlayer(",
            "Returns": "Float",
            "Parameters": ["Integer", "玩家"]
        },
        {   "Title": "RightStickYForPlayer(",
            "Returns": "Float",
            "Parameters": ["Integer", "玩家"]
        },
        {   "Title": "ProductName$(",
            "Returns": "Text",
            "Parameters": []
        },
        {   "Title": "ProductPriceinUSCents(",
            "Returns": "Float",
            "Parameters": []
        },
        {   "Title": "GamerUUID$(",
            "Returns": "Text",
            "Parameters": []
        },
        {   "Title": "L2_Stick(",
            "Returns": "Float"
        },
        {   "Title": "R2_Stick(",
            "Returns": "Float"
        },
        {   "Title": "L2_StickForPlayer(",
            "Returns": "Float",
            "Parameters": [["Integer", "玩家"]]
		},
        {   "Title": "R2_StickForPlayer(",
            "Returns": "Float",
            "Parameters": [["Integer", "玩家"]]
		},	
        {   "Title": "UserName$(",
            "Returns": "Text"
        },
        {   "Title": "ConsoleName$(",
            "Returns": "Text"
        },
        {   "Title": "SupportedDevice(",
            "Returns": "Integer"
        },
        {   "Title": "ProductPurchaseCurrency$(",
            "Returns": "Text",
            "Parameters": []
        },
        {   "Title": "ProductPurchasePrice$(",
            "Returns": "Text",
            "Parameters": []
        }
    ]
}
